Machine name,Region,Current size,Generation,OS,NIC count,Data-disk count,Security type,Image publisher,Image offer,Image SKU,Disk controller,Accelerated NICs,Primary NIC accelerated,Azure Disk Encryption,Hibernation,Scale set,Azure Virtual Desktop,SAP,Unmanaged disks,Ephemeral OS disk,System-assigned identity,Availability set,Zone,Resource type,Instances,Managed by,AVD host pool type,SQL Server,SQL availability group,Shared disk,Resource ID
contoso-web01,eastus2,Standard_D4s_v3,V2,Windows,1,2,TrustedLaunch,MicrosoftWindowsServer,WindowsServer,2022-datacenter-g2,SCSI,1,Yes,No,No,No,No,No,No,No,Yes,No,1,VM,,None,,No,No,No,/subscriptions/00000000-0000-0000-0000-000000000000/resourceGroups/rg-contoso-prod/providers/Microsoft.Compute/virtualMachines/contoso-web01
contoso-web01,westus2,Standard_D2s_v3,V2,Windows,1,2,TrustedLaunch,MicrosoftWindowsServer,WindowsServer,2022-datacenter-g2,SCSI,1,Yes,No,No,No,No,No,No,No,Yes,No,1,VM,,None,,No,No,No,/subscriptions/00000000-0000-0000-0000-000000000000/resourceGroups/rg-contoso-dr/providers/Microsoft.Compute/virtualMachines/contoso-web01
contoso-web02,eastus2,Standard_DS3_v2,V1,Windows,1,1,Standard,MicrosoftWindowsServer,WindowsServer,2016-Datacenter,SCSI,0,No,No,No,No,No,No,No,No,No,Yes,None,VM,,None,,No,No,No,/subscriptions/00000000-0000-0000-0000-000000000000/resourceGroups/rg-contoso-prod/providers/Microsoft.Compute/virtualMachines/contoso-web02
contoso-sql01,eastus2,Standard_E8-4ds_v5,V2,Windows,2,30,TrustedLaunch,MicrosoftSQLServer,sql2019-ws2019,enterprise-gen2,SCSI,2,Yes,Yes,No,No,No,No,No,No,Yes,No,2,VM,,None,,Enterprise,Yes,No,/subscriptions/00000000-0000-0000-0000-000000000000/resourceGroups/rg-contoso-prod/providers/Microsoft.Compute/virtualMachines/contoso-sql01
contoso-app01,eastus2,Standard_D2ds_v4,V1,Linux,1,0,Standard,Canonical,0001-com-ubuntu-server-jammy,22_04-lts,SCSI,1,Yes,No,No,No,No,No,No,No,No,No,None,VM,,None,,No,No,No,/subscriptions/00000000-0000-0000-0000-000000000000/resourceGroups/rg-contoso-prod/providers/Microsoft.Compute/virtualMachines/contoso-app01
contoso-app02,eastus2,Standard_D8ds_v6,V2,Linux,1,1,TrustedLaunch,Canonical,ubuntu-24_04-lts,server,NVMe,1,Yes,No,No,No,No,No,No,No,No,No,3,VM,,None,,No,No,No,/subscriptions/00000000-0000-0000-0000-000000000000/resourceGroups/rg-contoso-prod/providers/Microsoft.Compute/virtualMachines/contoso-app02
contoso-app03,westus2,Standard_E4s_v4,V2,Linux,1,4,Standard,RedHat,RHEL,9_4,SCSI,1,Yes,No,Yes,No,No,No,No,No,No,No,None,VM,,None,,No,No,No,/subscriptions/00000000-0000-0000-0000-000000000000/resourceGroups/rg-contoso-prod/providers/Microsoft.Compute/virtualMachines/contoso-app03
contoso-sap01,westus2,Standard_E16s_v3,V2,Linux,1,6,Standard,SUSE,sles-sap-15-sp5,gen2,SCSI,1,Yes,No,No,No,No,Yes,No,No,No,Yes,None,VM,,None,,No,No,No,/subscriptions/00000000-0000-0000-0000-000000000000/resourceGroups/rg-contoso-prod/providers/Microsoft.Compute/virtualMachines/contoso-sap01
contoso-gpu01,westus2,Standard_NC6s_v3,V2,Linux,1,0,Standard,Canonical,ubuntu-24_04-lts,server,SCSI,0,No,No,No,No,No,No,No,No,No,No,None,VM,,None,,No,No,No,/subscriptions/00000000-0000-0000-0000-000000000000/resourceGroups/rg-contoso-prod/providers/Microsoft.Compute/virtualMachines/contoso-gpu01
contoso-hpc01,westus2,Standard_HB120rs_v3,V2,Linux,1,0,Standard,OpenLogic,CentOS-HPC,8_1-gen2,SCSI,1,Yes,No,No,No,No,No,No,No,No,No,None,VM,,None,,No,No,No,/subscriptions/00000000-0000-0000-0000-000000000000/resourceGroups/rg-contoso-prod/providers/Microsoft.Compute/virtualMachines/contoso-hpc01
contoso-arm01,westus2,Standard_D4ps_v5,V2,Linux,1,0,Standard,Canonical,ubuntu-24_04-lts,server-arm64,SCSI,1,Yes,No,No,No,No,No,No,No,No,No,None,VM,,None,,No,No,No,/subscriptions/00000000-0000-0000-0000-000000000000/resourceGroups/rg-contoso-prod/providers/Microsoft.Compute/virtualMachines/contoso-arm01
contoso-cvm01,westus2,Standard_DC4as_v5,V2,Windows,1,0,ConfidentialVM,MicrosoftWindowsServer,windows-cvm,2022-datacenter-cvm,SCSI,0,No,No,No,No,No,No,No,No,No,No,None,VM,,None,,No,No,No,/subscriptions/00000000-0000-0000-0000-000000000000/resourceGroups/rg-contoso-prod/providers/Microsoft.Compute/virtualMachines/contoso-cvm01
contoso-avd01,eastus2,Standard_D4s_v5,V2,Windows,1,0,TrustedLaunch,MicrosoftWindowsDesktop,windows-11,win11-24h2-avd,SCSI,1,Yes,No,No,No,Yes,No,No,No,No,No,None,VM,,None,Pooled,No,No,No,/subscriptions/00000000-0000-0000-0000-000000000000/resourceGroups/rg-contoso-prod/providers/Microsoft.Compute/virtualMachines/contoso-avd01
contoso-old01,eastus2,Standard_A2_v2,V1,Windows,1,0,Standard,,,,SCSI,0,No,No,No,No,No,No,Yes,No,No,No,None,VM,,None,,No,No,No,/subscriptions/00000000-0000-0000-0000-000000000000/resourceGroups/rg-contoso-prod/providers/Microsoft.Compute/virtualMachines/contoso-old01
contoso-b01,eastus2,Standard_B2ms,V2,Linux,1,0,Standard,Canonical,ubuntu-24_04-lts,server,SCSI,0,No,No,No,No,No,No,No,Yes,No,No,None,VM,,None,,No,No,No,/subscriptions/00000000-0000-0000-0000-000000000000/resourceGroups/rg-contoso-prod/providers/Microsoft.Compute/virtualMachines/contoso-b01
contoso-b02,eastus2,Standard_B2s,V2,Linux,1,0,Standard,Canonical,ubuntu-24_04-lts,server,SCSI,0,No,No,No,No,No,No,No,No,No,No,None,VM,,None,,No,No,No,/subscriptions/00000000-0000-0000-0000-000000000000/resourceGroups/rg-contoso-prod/providers/Microsoft.Compute/virtualMachines/contoso-b02
contoso-f01,eastus2,Standard_F4s_v2,V2,Windows,1,0,TrustedLaunch,MicrosoftWindowsServer,WindowsServer,2019-datacenter-gensecond,SCSI,1,Yes,No,Yes,No,No,No,No,No,No,No,None,VM,,None,,No,No,No,/subscriptions/00000000-0000-0000-0000-000000000000/resourceGroups/rg-contoso-prod/providers/Microsoft.Compute/virtualMachines/contoso-f01
contoso-odd01,eastus2,Standard_Q4z_v9,V2,Linux,1,0,Standard,Canonical,ubuntu-24_04-lts,server,SCSI,1,Yes,No,No,No,No,No,No,No,No,No,None,VM,,None,,No,No,No,/subscriptions/00000000-0000-0000-0000-000000000000/resourceGroups/rg-contoso-prod/providers/Microsoft.Compute/virtualMachines/contoso-odd01
contoso-nogen01,eastus2,Standard_D4s_v3,,Windows,1,0,Standard,MicrosoftWindowsServer,WindowsServer,2019-Datacenter,SCSI,1,Yes,No,No,No,No,No,No,No,No,No,None,VM,,None,,No,No,No,/subscriptions/00000000-0000-0000-0000-000000000000/resourceGroups/rg-contoso-prod/providers/Microsoft.Compute/virtualMachines/contoso-nogen01
contoso-fw01,eastus2,Standard_D4s_v3,V2,Linux,3,1,Standard,paloaltonetworks,vmseries-flex,byol,SCSI,3,Yes,No,No,No,No,No,No,No,No,Yes,1,VM,,None,,No,No,No,/subscriptions/00000000-0000-0000-0000-000000000000/resourceGroups/rg-contoso-prod/providers/Microsoft.Compute/virtualMachines/contoso-fw01
contoso-api01,eastus2,Standard_D8s_v3,V2,Linux,1,2,TrustedLaunch,Canonical,ubuntu-24_04-lts,server,SCSI,1,Yes,No,No,No,No,No,No,No,No,No,2,VM,,None,,No,No,No,/subscriptions/00000000-0000-0000-0000-000000000000/resourceGroups/rg-contoso-prod/providers/Microsoft.Compute/virtualMachines/contoso-api01
contoso-bkp01,eastus2,Standard_D8s_v3,V2,Windows,1,4,Standard,veeam,veeam-backup-replication,v12,SCSI,1,Yes,No,No,No,No,No,No,No,No,No,None,VM,,None,,No,No,No,/subscriptions/00000000-0000-0000-0000-000000000000/resourceGroups/rg-contoso-prod/providers/Microsoft.Compute/virtualMachines/contoso-bkp01
contoso-aks-np1,eastus2,Standard_D4s_v3,,Linux,1,0,Standard,,,,SCSI,1,,No,No,Yes,No,No,No,No,No,No,1 2 3,Scale set,3,AKS,,No,No,No,/subscriptions/00000000-0000-0000-0000-000000000000/resourceGroups/MC_rg-contoso-aks_contoso-aks_eastus2/providers/Microsoft.Compute/virtualMachineScaleSets/contoso-aks-np1
contoso-vmss01,eastus2,Standard_D2s_v3,,Linux,1,0,Standard,Canonical,0001-com-ubuntu-server-jammy,22_04-lts-gen2,SCSI,1,,No,No,Yes,No,No,No,No,No,No,None,Scale set,4,None,,No,No,No,/subscriptions/00000000-0000-0000-0000-000000000000/resourceGroups/rg-contoso-prod/providers/Microsoft.Compute/virtualMachineScaleSets/contoso-vmss01
contoso-dbx01,eastus2,Standard_DS3_v2,V2,Linux,1,0,Standard,,,,SCSI,1,Yes,No,No,No,No,No,No,No,No,No,None,VM,,Databricks,,No,No,No,/subscriptions/00000000-0000-0000-0000-000000000000/resourceGroups/databricks-rg-contoso-dbx/providers/Microsoft.Compute/virtualMachines/contoso-dbx01
contoso-avd02,eastus2,Standard_D4s_v4,V2,Windows,1,0,TrustedLaunch,MicrosoftWindowsDesktop,windows-11,win11-24h2-ent,SCSI,1,Yes,No,No,No,Yes,No,No,No,No,No,None,VM,,None,Personal,No,No,No,/subscriptions/00000000-0000-0000-0000-000000000000/resourceGroups/rg-contoso-prod/providers/Microsoft.Compute/virtualMachines/contoso-avd02
contoso-fc01,eastus2,Standard_E8s_v3,V2,Windows,2,3,TrustedLaunch,MicrosoftWindowsServer,WindowsServer,2022-datacenter-g2,SCSI,2,Yes,No,No,No,No,No,No,No,No,No,1,VM,,None,,No,No,Yes,/subscriptions/00000000-0000-0000-0000-000000000000/resourceGroups/rg-contoso-prod/providers/Microsoft.Compute/virtualMachines/contoso-fc01
