Machine name,Region,Current size,Generation,OS,NIC count,Data-disk count,Security type,Image publisher,Image offer,Image SKU,Disk controller,Accelerated NICs,Primary NIC accelerated,Azure Disk Encryption,Hibernation,Scale set,Azure Virtual Desktop,SAP,Unmanaged disks,Ephemeral OS disk,System-assigned identity,Availability set,Zone
contoso-amv2,eastus,Standard_A2m_v2,V1,Linux,1,0,Standard,Canonical,0001-com-ubuntu-server-jammy,22_04-lts,SCSI,1,Yes,No,No,No,No,No,No,No,No,No,None
contoso-av2,eastus,Standard_A1_v2,V1,Linux,1,0,Standard,Canonical,0001-com-ubuntu-server-jammy,22_04-lts,SCSI,1,Yes,No,No,No,No,No,No,No,No,No,None
contoso-balsv2,eastus,Standard_B16als_v2,V2,Linux,1,0,TrustedLaunch,Canonical,ubuntu-24_04-lts,server,SCSI,1,Yes,No,No,No,No,No,No,No,No,No,None
contoso-basv2,eastus,Standard_B16as_v2,V2,Linux,1,0,TrustedLaunch,Canonical,ubuntu-24_04-lts,server,SCSI,1,Yes,No,No,No,No,No,No,No,No,No,None
contoso-batsv2,eastus,Standard_B2ats_v2,V2,Linux,1,0,TrustedLaunch,Canonical,ubuntu-24_04-lts,server,SCSI,1,Yes,No,No,No,No,No,No,No,No,No,None
contoso-bls,eastus,Standard_B1ls,V2,Linux,1,0,TrustedLaunch,Canonical,ubuntu-24_04-lts,server,SCSI,1,Yes,No,No,No,No,No,No,No,No,No,None
contoso-blsv2,eastus,Standard_B16ls_v2,V2,Linux,1,0,TrustedLaunch,Canonical,ubuntu-24_04-lts,server,SCSI,1,Yes,No,No,No,No,No,No,No,No,No,None
contoso-bms,eastus,Standard_B12ms,V2,Linux,1,0,TrustedLaunch,Canonical,ubuntu-24_04-lts,server,SCSI,1,Yes,No,No,No,No,No,No,No,No,No,None
contoso-bplsv2,eastus,Standard_B16pls_v2,V2,Linux,1,0,TrustedLaunch,Canonical,ubuntu-24_04-lts,server,SCSI,1,Yes,No,No,No,No,No,No,No,No,No,None
contoso-bpsv2,eastus,Standard_B16ps_v2,V2,Linux,1,0,TrustedLaunch,Canonical,ubuntu-24_04-lts,server,SCSI,1,Yes,No,No,No,No,No,No,No,No,No,None
contoso-bptsv2,eastus,Standard_B2pts_v2,V2,Linux,1,0,TrustedLaunch,Canonical,ubuntu-24_04-lts,server,SCSI,1,Yes,No,No,No,No,No,No,No,No,No,None
contoso-bs,eastus,Standard_B1s,V2,Linux,1,0,TrustedLaunch,Canonical,ubuntu-24_04-lts,server,SCSI,1,Yes,No,No,No,No,No,No,No,No,No,None
contoso-bsv2,eastus,Standard_B16s_v2,V2,Linux,1,0,TrustedLaunch,Canonical,ubuntu-24_04-lts,server,SCSI,1,Yes,No,No,No,No,No,No,No,No,No,None
contoso-btsv2,eastus,Standard_B2ts_v2,V2,Linux,1,0,TrustedLaunch,Canonical,ubuntu-24_04-lts,server,SCSI,1,Yes,No,No,No,No,No,No,No,No,No,None
contoso-d,eastus,Standard_D1,V1,Linux,1,0,Standard,Canonical,0001-com-ubuntu-server-jammy,22_04-lts,SCSI,1,Yes,No,No,No,No,No,No,No,No,No,None
contoso-dcadsccv5,eastus,Standard_DC16ads_cc_v5,V2,Linux,1,0,TrustedLaunch,Canonical,ubuntu-24_04-lts,server,SCSI,1,Yes,No,No,No,No,No,No,No,No,No,None
contoso-dcadsv5,eastus,Standard_DC16ads_v5,V2,Linux,1,0,TrustedLaunch,Canonical,ubuntu-24_04-lts,server,SCSI,1,Yes,No,No,No,No,No,No,No,No,No,None
contoso-dcadsv6,eastus,Standard_DC16ads_v6,V2,Linux,1,0,TrustedLaunch,Canonical,ubuntu-24_04-lts,server,NVMe,1,Yes,No,No,No,No,No,No,No,No,No,None
contoso-dcasccv5,eastus,Standard_DC16as_cc_v5,V2,Linux,1,0,TrustedLaunch,Canonical,ubuntu-24_04-lts,server,SCSI,1,Yes,No,No,No,No,No,No,No,No,No,None
contoso-dcasv5,eastus,Standard_DC16as_v5,V2,Linux,1,0,TrustedLaunch,Canonical,ubuntu-24_04-lts,server,SCSI,1,Yes,No,No,No,No,No,No,No,No,No,None
contoso-dcasv6,eastus,Standard_DC16as_v6,V2,Linux,1,0,TrustedLaunch,Canonical,ubuntu-24_04-lts,server,NVMe,1,Yes,No,No,No,No,No,No,No,No,No,None
contoso-dcdsv3,eastus,Standard_DC16ds_v3,V2,Linux,1,0,TrustedLaunch,Canonical,ubuntu-24_04-lts,server,SCSI,1,Yes,No,No,No,No,No,No,No,No,No,None
contoso-dcedsv6,eastus,Standard_DC128eds_v6,V2,Linux,1,0,TrustedLaunch,Canonical,ubuntu-24_04-lts,server,NVMe,1,Yes,No,No,No,No,No,No,No,No,No,None
contoso-dcesv6,eastus,Standard_DC128es_v6,V2,Linux,1,0,TrustedLaunch,Canonical,ubuntu-24_04-lts,server,NVMe,1,Yes,No,No,No,No,No,No,No,No,No,None
contoso-dcsv3,eastus,Standard_DC16s_v3,V2,Linux,1,0,TrustedLaunch,Canonical,ubuntu-24_04-lts,server,SCSI,1,Yes,No,No,No,No,No,No,No,No,No,None
contoso-ds,eastus,Standard_DS1,V2,Linux,1,0,TrustedLaunch,Canonical,ubuntu-24_04-lts,server,SCSI,1,Yes,No,No,No,No,No,No,No,No,No,None
contoso-dsv2,eastus,Standard_DS11-1_v2,V2,Linux,1,0,TrustedLaunch,Canonical,ubuntu-24_04-lts,server,SCSI,1,Yes,No,No,No,No,No,No,No,No,No,None
contoso-dsv2promo,eastus,Standard_DS11_v2_Promo,V2,Linux,1,0,TrustedLaunch,Canonical,ubuntu-24_04-lts,server,SCSI,1,Yes,No,No,No,No,No,No,No,No,No,None
contoso-dadsv5,eastus,Standard_D16ads_v5,V2,Linux,1,0,TrustedLaunch,Canonical,ubuntu-24_04-lts,server,SCSI,1,Yes,No,No,No,No,No,No,No,No,No,None
contoso-dadsv6,eastus,Standard_D16ads_v6,V2,Linux,1,0,TrustedLaunch,Canonical,ubuntu-24_04-lts,server,NVMe,1,Yes,No,No,No,No,No,No,No,No,No,None
contoso-dadsv7,eastus,Standard_D128ads_v7,V2,Linux,1,0,TrustedLaunch,Canonical,ubuntu-24_04-lts,server,NVMe,1,Yes,No,No,No,No,No,No,No,No,No,None
contoso-daldsv6,eastus,Standard_D16alds_v6,V2,Linux,1,0,TrustedLaunch,Canonical,ubuntu-24_04-lts,server,NVMe,1,Yes,No,No,No,No,No,No,No,No,No,None
contoso-daldsv7,eastus,Standard_D128alds_v7,V2,Linux,1,0,TrustedLaunch,Canonical,ubuntu-24_04-lts,server,NVMe,1,Yes,No,No,No,No,No,No,No,No,No,None
contoso-dalsv6,eastus,Standard_D16als_v6,V2,Linux,1,0,TrustedLaunch,Canonical,ubuntu-24_04-lts,server,NVMe,1,Yes,No,No,No,No,No,No,No,No,No,None
contoso-dalsv7,eastus,Standard_D128als_v7,V2,Linux,1,0,TrustedLaunch,Canonical,ubuntu-24_04-lts,server,NVMe,1,Yes,No,No,No,No,No,No,No,No,No,None
contoso-dasv4,eastus,Standard_D16as_v4,V2,Linux,1,0,TrustedLaunch,Canonical,ubuntu-24_04-lts,server,SCSI,1,Yes,No,No,No,No,No,No,No,No,No,None
contoso-dasv5,eastus,Standard_D16as_v5,V2,Linux,1,0,TrustedLaunch,Canonical,ubuntu-24_04-lts,server,SCSI,1,Yes,No,No,No,No,No,No,No,No,No,None
contoso-dasv6,eastus,Standard_D16as_v6,V2,Linux,1,0,TrustedLaunch,Canonical,ubuntu-24_04-lts,server,NVMe,1,Yes,No,No,No,No,No,No,No,No,No,None
contoso-dasv7,eastus,Standard_D128as_v7,V2,Linux,1,0,TrustedLaunch,Canonical,ubuntu-24_04-lts,server,NVMe,1,Yes,No,No,No,No,No,No,No,No,No,None
contoso-dav4,eastus,Standard_D16a_v4,V2,Linux,1,0,TrustedLaunch,Canonical,ubuntu-24_04-lts,server,SCSI,1,Yes,No,No,No,No,No,No,No,No,No,None
contoso-ddsv4,eastus,Standard_D16ds_v4,V2,Linux,1,0,TrustedLaunch,Canonical,ubuntu-24_04-lts,server,SCSI,1,Yes,No,No,No,No,No,No,No,No,No,None
contoso-ddsv5,eastus,Standard_D16ds_v5,V2,Linux,1,0,TrustedLaunch,Canonical,ubuntu-24_04-lts,server,SCSI,1,Yes,No,No,No,No,No,No,No,No,No,None
contoso-ddsv6,eastus,Standard_D128ds_v6,V2,Linux,1,0,TrustedLaunch,Canonical,ubuntu-24_04-lts,server,NVMe,1,Yes,No,No,No,No,No,No,No,No,No,None
contoso-ddsv7,eastus,Standard_D128ds_v7,V2,Linux,1,0,TrustedLaunch,Canonical,ubuntu-24_04-lts,server,NVMe,1,Yes,No,No,No,No,No,No,No,No,No,None
contoso-ddv4,eastus,Standard_D16d_v4,V2,Linux,1,0,TrustedLaunch,Canonical,ubuntu-24_04-lts,server,SCSI,1,Yes,No,No,No,No,No,No,No,No,No,None
contoso-ddv5,eastus,Standard_D16d_v5,V2,Linux,1,0,TrustedLaunch,Canonical,ubuntu-24_04-lts,server,SCSI,1,Yes,No,No,No,No,No,No,No,No,No,None
contoso-dldsv5,eastus,Standard_D16lds_v5,V2,Linux,1,0,TrustedLaunch,Canonical,ubuntu-24_04-lts,server,SCSI,1,Yes,No,No,No,No,No,No,No,No,No,None
contoso-dldsv6,eastus,Standard_D128lds_v6,V2,Linux,1,0,TrustedLaunch,Canonical,ubuntu-24_04-lts,server,NVMe,1,Yes,No,No,No,No,No,No,No,No,No,None
contoso-dldsv7,eastus,Standard_D128lds_v7,V2,Linux,1,0,TrustedLaunch,Canonical,ubuntu-24_04-lts,server,NVMe,1,Yes,No,No,No,No,No,No,No,No,No,None
contoso-dlsv5,eastus,Standard_D16ls_v5,V2,Linux,1,0,TrustedLaunch,Canonical,ubuntu-24_04-lts,server,SCSI,1,Yes,No,No,No,No,No,No,No,No,No,None
contoso-dlsv6,eastus,Standard_D128ls_v6,V2,Linux,1,0,TrustedLaunch,Canonical,ubuntu-24_04-lts,server,NVMe,1,Yes,No,No,No,No,No,No,No,No,No,None
contoso-dlsv7,eastus,Standard_D128ls_v7,V2,Linux,1,0,TrustedLaunch,Canonical,ubuntu-24_04-lts,server,NVMe,1,Yes,No,No,No,No,No,No,No,No,No,None
contoso-dndsv6,eastus,Standard_D128nds_v6,V2,Linux,1,0,TrustedLaunch,Canonical,ubuntu-24_04-lts,server,NVMe,1,Yes,No,No,No,No,No,No,No,No,No,None
contoso-dnldsv6,eastus,Standard_D128nlds_v6,V2,Linux,1,0,TrustedLaunch,Canonical,ubuntu-24_04-lts,server,NVMe,1,Yes,No,No,No,No,No,No,No,No,No,None
contoso-dnlsv6,eastus,Standard_D128nls_v6,V2,Linux,1,0,TrustedLaunch,Canonical,ubuntu-24_04-lts,server,NVMe,1,Yes,No,No,No,No,No,No,No,No,No,None
contoso-dnsv6,eastus,Standard_D128ns_v6,V2,Linux,1,0,TrustedLaunch,Canonical,ubuntu-24_04-lts,server,NVMe,1,Yes,No,No,No,No,No,No,No,No,No,None
contoso-dpdsv5,eastus,Standard_D16pds_v5,V2,Linux,1,0,TrustedLaunch,Canonical,ubuntu-24_04-lts,server,SCSI,1,Yes,No,No,No,No,No,No,No,No,No,None
contoso-dpdsv6,eastus,Standard_D16pds_v6,V2,Linux,1,0,TrustedLaunch,Canonical,ubuntu-24_04-lts,server,NVMe,1,Yes,No,No,No,No,No,No,No,No,No,None
contoso-dpldsv5,eastus,Standard_D16plds_v5,V2,Linux,1,0,TrustedLaunch,Canonical,ubuntu-24_04-lts,server,SCSI,1,Yes,No,No,No,No,No,No,No,No,No,None
contoso-dpldsv6,eastus,Standard_D16plds_v6,V2,Linux,1,0,TrustedLaunch,Canonical,ubuntu-24_04-lts,server,NVMe,1,Yes,No,No,No,No,No,No,No,No,No,None
contoso-dplsv5,eastus,Standard_D16pls_v5,V2,Linux,1,0,TrustedLaunch,Canonical,ubuntu-24_04-lts,server,SCSI,1,Yes,No,No,No,No,No,No,No,No,No,None
contoso-dplsv6,eastus,Standard_D16pls_v6,V2,Linux,1,0,TrustedLaunch,Canonical,ubuntu-24_04-lts,server,NVMe,1,Yes,No,No,No,No,No,No,No,No,No,None
contoso-dpsv5,eastus,Standard_D16ps_v5,V2,Linux,1,0,TrustedLaunch,Canonical,ubuntu-24_04-lts,server,SCSI,1,Yes,No,No,No,No,No,No,No,No,No,None
contoso-dpsv6,eastus,Standard_D16ps_v6,V2,Linux,1,0,TrustedLaunch,Canonical,ubuntu-24_04-lts,server,NVMe,1,Yes,No,No,No,No,No,No,No,No,No,None
contoso-dsv3,eastus,Standard_D16s_v3,V2,Linux,1,0,TrustedLaunch,Canonical,ubuntu-24_04-lts,server,SCSI,1,Yes,No,No,No,No,No,No,No,No,No,None
contoso-dsv4,eastus,Standard_D16s_v4,V2,Linux,1,0,TrustedLaunch,Canonical,ubuntu-24_04-lts,server,SCSI,1,Yes,No,No,No,No,No,No,No,No,No,None
contoso-dsv5,eastus,Standard_D16s_v5,V2,Linux,1,0,TrustedLaunch,Canonical,ubuntu-24_04-lts,server,SCSI,1,Yes,No,No,No,No,No,No,No,No,No,None
contoso-dsv6,eastus,Standard_D128s_v6,V2,Linux,1,0,TrustedLaunch,Canonical,ubuntu-24_04-lts,server,NVMe,1,Yes,No,No,No,No,No,No,No,No,No,None
contoso-dsv7,eastus,Standard_D128s_v7,V2,Linux,1,0,TrustedLaunch,Canonical,ubuntu-24_04-lts,server,NVMe,1,Yes,No,No,No,No,No,No,No,No,No,None
contoso-dv2,eastus,Standard_D11_v2,V1,Linux,1,0,Standard,Canonical,0001-com-ubuntu-server-jammy,22_04-lts,SCSI,1,Yes,No,No,No,No,No,No,No,No,No,None
contoso-dv2promo,eastus,Standard_D11_v2_Promo,V1,Linux,1,0,Standard,Canonical,0001-com-ubuntu-server-jammy,22_04-lts,SCSI,1,Yes,No,No,No,No,No,No,No,No,No,None
contoso-dv3,eastus,Standard_D16_v3,V1,Linux,1,0,Standard,Canonical,0001-com-ubuntu-server-jammy,22_04-lts,SCSI,1,Yes,No,No,No,No,No,No,No,No,No,None
contoso-dv4,eastus,Standard_D16_v4,V2,Linux,1,0,TrustedLaunch,Canonical,ubuntu-24_04-lts,server,SCSI,1,Yes,No,No,No,No,No,No,No,No,No,None
contoso-dv5,eastus,Standard_D16_v5,V2,Linux,1,0,TrustedLaunch,Canonical,ubuntu-24_04-lts,server,SCSI,1,Yes,No,No,No,No,No,No,No,No,No,None
contoso-ecadsccv5,eastus,Standard_EC16ads_cc_v5,V2,Linux,1,0,TrustedLaunch,Canonical,ubuntu-24_04-lts,server,SCSI,1,Yes,No,No,No,No,No,No,No,No,No,None
contoso-ecadsv5,eastus,Standard_EC16ads_v5,V2,Linux,1,0,TrustedLaunch,Canonical,ubuntu-24_04-lts,server,SCSI,1,Yes,No,No,No,No,No,No,No,No,No,None
contoso-ecadsv6,eastus,Standard_EC16ads_v6,V2,Linux,1,0,TrustedLaunch,Canonical,ubuntu-24_04-lts,server,NVMe,1,Yes,No,No,No,No,No,No,No,No,No,None
contoso-ecasccv5,eastus,Standard_EC16as_cc_v5,V2,Linux,1,0,TrustedLaunch,Canonical,ubuntu-24_04-lts,server,SCSI,1,Yes,No,No,No,No,No,No,No,No,No,None
contoso-ecasv5,eastus,Standard_EC16as_v5,V2,Linux,1,0,TrustedLaunch,Canonical,ubuntu-24_04-lts,server,SCSI,1,Yes,No,No,No,No,No,No,No,No,No,None
contoso-ecasv6,eastus,Standard_EC16as_v6,V2,Linux,1,0,TrustedLaunch,Canonical,ubuntu-24_04-lts,server,NVMe,1,Yes,No,No,No,No,No,No,No,No,No,None
contoso-ecedsv6,eastus,Standard_EC16eds_v6,V2,Linux,1,0,TrustedLaunch,Canonical,ubuntu-24_04-lts,server,NVMe,1,Yes,No,No,No,No,No,No,No,No,No,None
contoso-ecesv6,eastus,Standard_EC16es_v6,V2,Linux,1,0,TrustedLaunch,Canonical,ubuntu-24_04-lts,server,NVMe,1,Yes,No,No,No,No,No,No,No,No,No,None
contoso-eciadsv5,eastus,Standard_EC96iads_v5,V2,Linux,1,0,TrustedLaunch,Canonical,ubuntu-24_04-lts,server,SCSI,1,Yes,No,No,No,No,No,No,No,No,No,None
contoso-eciasv5,eastus,Standard_EC96ias_v5,V2,Linux,1,0,TrustedLaunch,Canonical,ubuntu-24_04-lts,server,SCSI,1,Yes,No,No,No,No,No,No,No,No,No,None
contoso-eadsv5,eastus,Standard_E16-4ads_v5,V2,Linux,1,0,TrustedLaunch,Canonical,ubuntu-24_04-lts,server,SCSI,1,Yes,No,No,No,No,No,No,No,No,No,None
contoso-eadsv6,eastus,Standard_E16ads_v6,V2,Linux,1,0,TrustedLaunch,Canonical,ubuntu-24_04-lts,server,NVMe,1,Yes,No,No,No,No,No,No,No,No,No,None
contoso-eadsv7,eastus,Standard_E128-32ads_v7,V2,Linux,1,0,TrustedLaunch,Canonical,ubuntu-24_04-lts,server,NVMe,1,Yes,No,No,No,No,No,No,No,No,No,None
contoso-easv4,eastus,Standard_E16-4as_v4,V2,Linux,1,0,TrustedLaunch,Canonical,ubuntu-24_04-lts,server,SCSI,1,Yes,No,No,No,No,No,No,No,No,No,None
contoso-easv5,eastus,Standard_E16-4as_v5,V2,Linux,1,0,TrustedLaunch,Canonical,ubuntu-24_04-lts,server,SCSI,1,Yes,No,No,No,No,No,No,No,No,No,None
contoso-easv6,eastus,Standard_E16as_v6,V2,Linux,1,0,TrustedLaunch,Canonical,ubuntu-24_04-lts,server,NVMe,1,Yes,No,No,No,No,No,No,No,No,No,None
contoso-easv7,eastus,Standard_E128-32as_v7,V2,Linux,1,0,TrustedLaunch,Canonical,ubuntu-24_04-lts,server,NVMe,1,Yes,No,No,No,No,No,No,No,No,No,None
contoso-eav4,eastus,Standard_E16a_v4,V2,Linux,1,0,TrustedLaunch,Canonical,ubuntu-24_04-lts,server,SCSI,1,Yes,No,No,No,No,No,No,No,No,No,None
contoso-ebdsv5,eastus,Standard_E16bds_v5,V2,Linux,1,0,TrustedLaunch,Canonical,ubuntu-24_04-lts,server,SCSI,1,Yes,No,No,No,No,No,No,No,No,No,None
contoso-ebsv5,eastus,Standard_E16bs_v5,V2,Linux,1,0,TrustedLaunch,Canonical,ubuntu-24_04-lts,server,SCSI,1,Yes,No,No,No,No,No,No,No,No,No,None
contoso-edsv4,eastus,Standard_E16-4ds_v4,V2,Linux,1,0,TrustedLaunch,Canonical,ubuntu-24_04-lts,server,SCSI,1,Yes,No,No,No,No,No,No,No,No,No,None
contoso-edsv5,eastus,Standard_E16-4ds_v5,V2,Linux,1,0,TrustedLaunch,Canonical,ubuntu-24_04-lts,server,SCSI,1,Yes,No,No,No,No,No,No,No,No,No,None
contoso-edsv6,eastus,Standard_E128-32ds_v6,V2,Linux,1,0,TrustedLaunch,Canonical,ubuntu-24_04-lts,server,NVMe,1,Yes,No,No,No,No,No,No,No,No,No,None
contoso-edsv7,eastus,Standard_E128ds_v7,V2,Linux,1,0,TrustedLaunch,Canonical,ubuntu-24_04-lts,server,NVMe,1,Yes,No,No,No,No,No,No,No,No,No,None
contoso-edv4,eastus,Standard_E16d_v4,V2,Linux,1,0,TrustedLaunch,Canonical,ubuntu-24_04-lts,server,SCSI,1,Yes,No,No,No,No,No,No,No,No,No,None
contoso-edv5,eastus,Standard_E16d_v5,V2,Linux,1,0,TrustedLaunch,Canonical,ubuntu-24_04-lts,server,SCSI,1,Yes,No,No,No,No,No,No,No,No,No,None
contoso-eiadsv5,eastus,Standard_E112iads_v5,V2,Linux,1,0,TrustedLaunch,Canonical,ubuntu-24_04-lts,server,SCSI,1,Yes,No,No,No,No,No,No,No,No,No,None
contoso-eiasv4,eastus,Standard_E96ias_v4,V2,Linux,1,0,TrustedLaunch,Canonical,ubuntu-24_04-lts,server,SCSI,1,Yes,No,No,No,No,No,No,No,No,No,None
contoso-eiasv5,eastus,Standard_E112ias_v5,V2,Linux,1,0,TrustedLaunch,Canonical,ubuntu-24_04-lts,server,SCSI,1,Yes,No,No,No,No,No,No,No,No,No,None
contoso-eibdsv5,eastus,Standard_E112ibds_v5,V2,Linux,1,0,TrustedLaunch,Canonical,ubuntu-24_04-lts,server,SCSI,1,Yes,No,No,No,No,No,No,No,No,No,None
contoso-eibsv5,eastus,Standard_E112ibs_v5,V2,Linux,1,0,TrustedLaunch,Canonical,ubuntu-24_04-lts,server,SCSI,1,Yes,No,No,No,No,No,No,No,No,No,None
contoso-eidsv4,eastus,Standard_E80ids_v4,V2,Linux,1,0,TrustedLaunch,Canonical,ubuntu-24_04-lts,server,SCSI,1,Yes,No,No,No,No,No,No,No,No,No,None
contoso-eidsv5,eastus,Standard_E104ids_v5,V2,Linux,1,0,TrustedLaunch,Canonical,ubuntu-24_04-lts,server,SCSI,1,Yes,No,No,No,No,No,No,No,No,No,None
contoso-eidsv6,eastus,Standard_E192ids_v6,V2,Linux,1,0,TrustedLaunch,Canonical,ubuntu-24_04-lts,server,NVMe,1,Yes,No,No,No,No,No,No,No,No,No,None
contoso-eidsv7,eastus,Standard_E372ids_v7,V2,Linux,1,0,TrustedLaunch,Canonical,ubuntu-24_04-lts,server,NVMe,1,Yes,No,No,No,No,No,No,No,No,No,None
contoso-eidv5,eastus,Standard_E104id_v5,V2,Linux,1,0,TrustedLaunch,Canonical,ubuntu-24_04-lts,server,SCSI,1,Yes,No,No,No,No,No,No,No,No,No,None
contoso-eisv4,eastus,Standard_E80is_v4,V2,Linux,1,0,TrustedLaunch,Canonical,ubuntu-24_04-lts,server,SCSI,1,Yes,No,No,No,No,No,No,No,No,No,None
contoso-eisv5,eastus,Standard_E104is_v5,V2,Linux,1,0,TrustedLaunch,Canonical,ubuntu-24_04-lts,server,SCSI,1,Yes,No,No,No,No,No,No,No,No,No,None
contoso-eisv6,eastus,Standard_E192is_v6,V2,Linux,1,0,TrustedLaunch,Canonical,ubuntu-24_04-lts,server,NVMe,1,Yes,No,No,No,No,No,No,No,No,No,None
contoso-eisv7,eastus,Standard_E372is_v7,V2,Linux,1,0,TrustedLaunch,Canonical,ubuntu-24_04-lts,server,NVMe,1,Yes,No,No,No,No,No,No,No,No,No,None
contoso-eiv5,eastus,Standard_E104i_v5,V2,Linux,1,0,TrustedLaunch,Canonical,ubuntu-24_04-lts,server,SCSI,1,Yes,No,No,No,No,No,No,No,No,No,None
contoso-endsv6,eastus,Standard_E128nds_v6,V2,Linux,1,0,TrustedLaunch,Canonical,ubuntu-24_04-lts,server,NVMe,1,Yes,No,No,No,No,No,No,No,No,No,None
contoso-ensv6,eastus,Standard_E128ns_v6,V2,Linux,1,0,TrustedLaunch,Canonical,ubuntu-24_04-lts,server,NVMe,1,Yes,No,No,No,No,No,No,No,No,No,None
contoso-epdsv5,eastus,Standard_E16pds_v5,V2,Linux,1,0,TrustedLaunch,Canonical,ubuntu-24_04-lts,server,SCSI,1,Yes,No,No,No,No,No,No,No,No,No,None
contoso-epdsv6,eastus,Standard_E16pds_v6,V2,Linux,1,0,TrustedLaunch,Canonical,ubuntu-24_04-lts,server,NVMe,1,Yes,No,No,No,No,No,No,No,No,No,None
contoso-epsv5,eastus,Standard_E16ps_v5,V2,Linux,1,0,TrustedLaunch,Canonical,ubuntu-24_04-lts,server,SCSI,1,Yes,No,No,No,No,No,No,No,No,No,None
contoso-epsv6,eastus,Standard_E16ps_v6,V2,Linux,1,0,TrustedLaunch,Canonical,ubuntu-24_04-lts,server,NVMe,1,Yes,No,No,No,No,No,No,No,No,No,None
contoso-esv3,eastus,Standard_E16-4s_v3,V2,Linux,1,0,TrustedLaunch,Canonical,ubuntu-24_04-lts,server,SCSI,1,Yes,No,No,No,No,No,No,No,No,No,None
contoso-esv4,eastus,Standard_E16-4s_v4,V2,Linux,1,0,TrustedLaunch,Canonical,ubuntu-24_04-lts,server,SCSI,1,Yes,No,No,No,No,No,No,No,No,No,None
contoso-esv5,eastus,Standard_E16-4s_v5,V2,Linux,1,0,TrustedLaunch,Canonical,ubuntu-24_04-lts,server,SCSI,1,Yes,No,No,No,No,No,No,No,No,No,None
contoso-esv6,eastus,Standard_E128-32s_v6,V2,Linux,1,0,TrustedLaunch,Canonical,ubuntu-24_04-lts,server,NVMe,1,Yes,No,No,No,No,No,No,No,No,No,None
contoso-esv7,eastus,Standard_E128s_v7,V2,Linux,1,0,TrustedLaunch,Canonical,ubuntu-24_04-lts,server,NVMe,1,Yes,No,No,No,No,No,No,No,No,No,None
contoso-ev3,eastus,Standard_E16_v3,V1,Linux,1,0,Standard,Canonical,0001-com-ubuntu-server-jammy,22_04-lts,SCSI,1,Yes,No,No,No,No,No,No,No,No,No,None
contoso-ev4,eastus,Standard_E16_v4,V2,Linux,1,0,TrustedLaunch,Canonical,ubuntu-24_04-lts,server,SCSI,1,Yes,No,No,No,No,No,No,No,No,No,None
contoso-ev5,eastus,Standard_E16_v5,V2,Linux,1,0,TrustedLaunch,Canonical,ubuntu-24_04-lts,server,SCSI,1,Yes,No,No,No,No,No,No,No,No,No,None
contoso-f,eastus,Standard_F1,V1,Linux,1,0,Standard,Canonical,0001-com-ubuntu-server-jammy,22_04-lts,SCSI,1,Yes,No,No,No,No,No,No,No,No,No,None
contoso-fxmds,eastus,Standard_FX12mds,V2,Linux,1,0,TrustedLaunch,Canonical,ubuntu-24_04-lts,server,SCSI,1,Yes,No,No,No,No,No,No,No,No,No,None
contoso-fxmdsv2,eastus,Standard_FX12-6mds_v2,V2,Linux,1,0,TrustedLaunch,Canonical,ubuntu-24_04-lts,server,SCSI,1,Yes,No,No,No,No,No,No,No,No,No,None
contoso-fxmsv2,eastus,Standard_FX12-6ms_v2,V2,Linux,1,0,TrustedLaunch,Canonical,ubuntu-24_04-lts,server,SCSI,1,Yes,No,No,No,No,No,No,No,No,No,None
contoso-fadsv7,eastus,Standard_F16ads_v7,V2,Linux,1,0,TrustedLaunch,Canonical,ubuntu-24_04-lts,server,NVMe,1,Yes,No,No,No,No,No,No,No,No,No,None
contoso-faldsv7,eastus,Standard_F16alds_v7,V2,Linux,1,0,TrustedLaunch,Canonical,ubuntu-24_04-lts,server,NVMe,1,Yes,No,No,No,No,No,No,No,No,No,None
contoso-falsv6,eastus,Standard_F16als_v6,V2,Linux,1,0,TrustedLaunch,Canonical,ubuntu-24_04-lts,server,NVMe,1,Yes,No,No,No,No,No,No,No,No,No,None
contoso-falsv7,eastus,Standard_F16als_v7,V2,Linux,1,0,TrustedLaunch,Canonical,ubuntu-24_04-lts,server,NVMe,1,Yes,No,No,No,No,No,No,No,No,No,None
contoso-famdsv7,eastus,Standard_F16-4amds_v7,V2,Linux,1,0,TrustedLaunch,Canonical,ubuntu-24_04-lts,server,NVMe,1,Yes,No,No,No,No,No,No,No,No,No,None
contoso-famsv6,eastus,Standard_F16ams_v6,V2,Linux,1,0,TrustedLaunch,Canonical,ubuntu-24_04-lts,server,NVMe,1,Yes,No,No,No,No,No,No,No,No,No,None
contoso-famsv7,eastus,Standard_F16-4ams_v7,V2,Linux,1,0,TrustedLaunch,Canonical,ubuntu-24_04-lts,server,NVMe,1,Yes,No,No,No,No,No,No,No,No,No,None
contoso-fasv6,eastus,Standard_F16as_v6,V2,Linux,1,0,TrustedLaunch,Canonical,ubuntu-24_04-lts,server,NVMe,1,Yes,No,No,No,No,No,No,No,No,No,None
contoso-fasv7,eastus,Standard_F16as_v7,V2,Linux,1,0,TrustedLaunch,Canonical,ubuntu-24_04-lts,server,NVMe,1,Yes,No,No,No,No,No,No,No,No,No,None
contoso-fs,eastus,Standard_F16s,V2,Linux,1,0,TrustedLaunch,Canonical,ubuntu-24_04-lts,server,SCSI,1,Yes,No,No,No,No,No,No,No,No,No,None
contoso-fsv2,eastus,Standard_F16s_v2,V2,Linux,1,0,TrustedLaunch,Canonical,ubuntu-24_04-lts,server,SCSI,1,Yes,No,No,No,No,No,No,No,No,No,None
contoso-g,eastus,Standard_G1,V1,Linux,1,0,Standard,Canonical,0001-com-ubuntu-server-jammy,22_04-lts,SCSI,1,Yes,No,No,No,No,No,No,No,No,No,None
contoso-gs,eastus,Standard_GS1,V2,Linux,1,0,TrustedLaunch,Canonical,ubuntu-24_04-lts,server,SCSI,1,Yes,No,No,No,No,No,No,No,No,No,None
contoso-hbrsv2,eastus,Standard_HB120-16rs_v2,V2,Linux,1,0,TrustedLaunch,Canonical,ubuntu-24_04-lts,server,SCSI,1,Yes,No,No,No,No,No,No,No,No,No,None
contoso-hbrsv3,eastus,Standard_HB120-16rs_v3,V2,Linux,1,0,TrustedLaunch,Canonical,ubuntu-24_04-lts,server,SCSI,1,Yes,No,No,No,No,No,No,No,No,No,None
contoso-hbrsv4,eastus,Standard_HB176-144rs_v4,V2,Linux,1,0,TrustedLaunch,Canonical,ubuntu-24_04-lts,server,SCSI,1,Yes,No,No,No,No,No,No,No,No,No,None
contoso-hbrsv5,eastus,Standard_HB368-144rs_v5,V2,Linux,1,0,TrustedLaunch,Canonical,ubuntu-24_04-lts,server,SCSI,1,Yes,No,No,No,No,No,No,No,No,No,None
contoso-hcrs,eastus,Standard_HC44-16rs,V2,Linux,1,0,TrustedLaunch,Canonical,ubuntu-24_04-lts,server,SCSI,1,Yes,No,No,No,No,No,No,No,No,No,None
contoso-hxrs,eastus,Standard_HX176-144rs,V2,Linux,1,0,TrustedLaunch,Canonical,ubuntu-24_04-lts,server,SCSI,1,Yes,No,No,No,No,No,No,No,No,No,None
contoso-laosv4,eastus,Standard_L12aos_v4,V2,Linux,1,0,TrustedLaunch,Canonical,ubuntu-24_04-lts,server,SCSI,1,Yes,No,No,No,No,No,No,No,No,No,None
contoso-laosv5,eastus,Standard_L128aos_v5,V2,Linux,1,0,TrustedLaunch,Canonical,ubuntu-24_04-lts,server,SCSI,1,Yes,No,No,No,No,No,No,No,No,No,None
contoso-lasv3,eastus,Standard_L16as_v3,V2,Linux,1,0,TrustedLaunch,Canonical,ubuntu-24_04-lts,server,SCSI,1,Yes,No,No,No,No,No,No,No,No,No,None
contoso-lasv4,eastus,Standard_L16as_v4,V2,Linux,1,0,TrustedLaunch,Canonical,ubuntu-24_04-lts,server,SCSI,1,Yes,No,No,No,No,No,No,No,No,No,None
contoso-lasv5,eastus,Standard_L128as_v5,V2,Linux,1,0,TrustedLaunch,Canonical,ubuntu-24_04-lts,server,SCSI,1,Yes,No,No,No,No,No,No,No,No,No,None
contoso-liaosv5,eastus,Standard_L160iaos_v5,V2,Linux,1,0,TrustedLaunch,Canonical,ubuntu-24_04-lts,server,SCSI,1,Yes,No,No,No,No,No,No,No,No,No,None
contoso-liasv5,eastus,Standard_L160ias_v5,V2,Linux,1,0,TrustedLaunch,Canonical,ubuntu-24_04-lts,server,SCSI,1,Yes,No,No,No,No,No,No,No,No,No,None
contoso-ls,eastus,Standard_L16s,V2,Linux,1,0,TrustedLaunch,Canonical,ubuntu-24_04-lts,server,SCSI,1,Yes,No,No,No,No,No,No,No,No,No,None
contoso-lsv2,eastus,Standard_L16s_v2,V2,Linux,1,0,TrustedLaunch,Canonical,ubuntu-24_04-lts,server,SCSI,1,Yes,No,No,No,No,No,No,No,No,No,None
contoso-lsv3,eastus,Standard_L16s_v3,V2,Linux,1,0,TrustedLaunch,Canonical,ubuntu-24_04-lts,server,SCSI,1,Yes,No,No,No,No,No,No,No,No,No,None
contoso-lsv4,eastus,Standard_L16s_v4,V2,Linux,1,0,TrustedLaunch,Canonical,ubuntu-24_04-lts,server,SCSI,1,Yes,No,No,No,No,No,No,No,No,No,None
contoso-m,eastus,Standard_M128,V2,Linux,1,0,TrustedLaunch,Canonical,ubuntu-24_04-lts,server,SCSI,1,Yes,No,No,No,No,No,No,No,No,No,None
contoso-mbdsv3,eastus,Standard_M128-64bds_3_v3,V2,Linux,1,0,TrustedLaunch,Canonical,ubuntu-24_04-lts,server,SCSI,1,Yes,No,No,No,No,No,No,No,No,No,None
contoso-mbsv3,eastus,Standard_M128-64bs_v3,V2,Linux,1,0,TrustedLaunch,Canonical,ubuntu-24_04-lts,server,SCSI,1,Yes,No,No,No,No,No,No,No,No,No,None
contoso-mdmsv2,eastus,Standard_M128dms_v2,V2,Linux,1,0,TrustedLaunch,Canonical,ubuntu-24_04-lts,server,SCSI,1,Yes,No,No,No,No,No,No,No,No,No,None
contoso-mdsv2,eastus,Standard_M128ds_v2,V2,Linux,1,0,TrustedLaunch,Canonical,ubuntu-24_04-lts,server,SCSI,1,Yes,No,No,No,No,No,No,No,No,No,None
contoso-mdsv3,eastus,Standard_M12ds_v3,V2,Linux,1,0,TrustedLaunch,Canonical,ubuntu-24_04-lts,server,SCSI,1,Yes,No,No,No,No,No,No,No,No,No,None
contoso-midmsv2,eastus,Standard_M192idms_v2,V2,Linux,1,0,TrustedLaunch,Canonical,ubuntu-24_04-lts,server,SCSI,1,Yes,No,No,No,No,No,No,No,No,No,None
contoso-midsv2,eastus,Standard_M192ids_v2,V2,Linux,1,0,TrustedLaunch,Canonical,ubuntu-24_04-lts,server,SCSI,1,Yes,No,No,No,No,No,No,No,No,No,None
contoso-midsv3,eastus,Standard_M832ids_16_v3,V2,Linux,1,0,TrustedLaunch,Canonical,ubuntu-24_04-lts,server,SCSI,1,Yes,No,No,No,No,No,No,No,No,No,None
contoso-mimsv2,eastus,Standard_M192ims_v2,V2,Linux,1,0,TrustedLaunch,Canonical,ubuntu-24_04-lts,server,SCSI,1,Yes,No,No,No,No,No,No,No,No,No,None
contoso-misv2,eastus,Standard_M192is_v2,V2,Linux,1,0,TrustedLaunch,Canonical,ubuntu-24_04-lts,server,SCSI,1,Yes,No,No,No,No,No,No,No,No,No,None
contoso-misv3,eastus,Standard_M832is_16_v3,V2,Linux,1,0,TrustedLaunch,Canonical,ubuntu-24_04-lts,server,SCSI,1,Yes,No,No,No,No,No,No,No,No,No,None
contoso-mls,eastus,Standard_M32ls,V2,Linux,1,0,TrustedLaunch,Canonical,ubuntu-24_04-lts,server,SCSI,1,Yes,No,No,No,No,No,No,No,No,No,None
contoso-mm,eastus,Standard_M128m,V2,Linux,1,0,TrustedLaunch,Canonical,ubuntu-24_04-lts,server,SCSI,1,Yes,No,No,No,No,No,No,No,No,No,None
contoso-mms,eastus,Standard_M128-32ms,V2,Linux,1,0,TrustedLaunch,Canonical,ubuntu-24_04-lts,server,SCSI,1,Yes,No,No,No,No,No,No,No,No,No,None
contoso-mmsv2,eastus,Standard_M128ms_v2,V2,Linux,1,0,TrustedLaunch,Canonical,ubuntu-24_04-lts,server,SCSI,1,Yes,No,No,No,No,No,No,No,No,No,None
contoso-ms,eastus,Standard_M128s,V2,Linux,1,0,TrustedLaunch,Canonical,ubuntu-24_04-lts,server,SCSI,1,Yes,No,No,No,No,No,No,No,No,No,None
contoso-msv2,eastus,Standard_M128s_v2,V2,Linux,1,0,TrustedLaunch,Canonical,ubuntu-24_04-lts,server,SCSI,1,Yes,No,No,No,No,No,No,No,No,No,None
contoso-msv3,eastus,Standard_M12s_v3,V2,Linux,1,0,TrustedLaunch,Canonical,ubuntu-24_04-lts,server,SCSI,1,Yes,No,No,No,No,No,No,No,No,No,None
contoso-mts,eastus,Standard_M32ts,V2,Linux,1,0,TrustedLaunch,Canonical,ubuntu-24_04-lts,server,SCSI,1,Yes,No,No,No,No,No,No,No,No,No,None
contoso-nccadsh100v5,eastus,Standard_NCC40ads_H100_v5,V2,Linux,1,0,TrustedLaunch,Canonical,ubuntu-24_04-lts,server,SCSI,1,Yes,No,No,No,No,No,No,No,No,No,None
contoso-ncadish100v5,eastus,Standard_NC80adis_H100_v5,V2,Linux,1,0,TrustedLaunch,Canonical,ubuntu-24_04-lts,server,SCSI,1,Yes,No,No,No,No,No,No,No,No,No,None
contoso-ncadsa100v4,eastus,Standard_NC24ads_A100_v4,V2,Linux,1,0,TrustedLaunch,Canonical,ubuntu-24_04-lts,server,SCSI,1,Yes,No,No,No,No,No,No,No,No,No,None
contoso-ncadsa10v4,eastus,Standard_NC16ads_A10_v4,V2,Linux,1,0,TrustedLaunch,Canonical,ubuntu-24_04-lts,server,SCSI,1,Yes,No,No,No,No,No,No,No,No,No,None
contoso-ncadsh100v5,eastus,Standard_NC40ads_H100_v5,V2,Linux,1,0,TrustedLaunch,Canonical,ubuntu-24_04-lts,server,SCSI,1,Yes,No,No,No,No,No,No,No,No,No,None
contoso-ncast4v3,eastus,Standard_NC16as_T4_v3,V2,Linux,1,0,TrustedLaunch,Canonical,ubuntu-24_04-lts,server,SCSI,1,Yes,No,No,No,No,No,No,No,No,No,None
contoso-ncdsxlrtxpro6000bsev6,eastus,Standard_NC144ds_xl_RTXPRO6000BSE_v6,V2,Linux,1,0,TrustedLaunch,Canonical,ubuntu-24_04-lts,server,NVMe,1,Yes,No,No,No,No,No,No,No,No,No,None
contoso-ncldsxlrtxpro6000bsev6,eastus,Standard_NC144lds_xl_RTXPRO6000BSE_v6,V2,Linux,1,0,TrustedLaunch,Canonical,ubuntu-24_04-lts,server,NVMe,1,Yes,No,No,No,No,No,No,No,No,No,None
contoso-ncrsv3,eastus,Standard_NC24rs_v3,V2,Linux,1,0,TrustedLaunch,Canonical,ubuntu-24_04-lts,server,SCSI,1,Yes,No,No,No,No,No,No,No,No,No,None
contoso-ncsv3,eastus,Standard_NC12s_v3,V2,Linux,1,0,TrustedLaunch,Canonical,ubuntu-24_04-lts,server,SCSI,1,Yes,No,No,No,No,No,No,No,No,No,None
contoso-ndamsra100v4,eastus,Standard_ND96amsr_A100_v4,V2,Linux,1,0,TrustedLaunch,Canonical,ubuntu-24_04-lts,server,SCSI,1,Yes,No,No,No,No,No,No,No,No,No,None
contoso-ndasrv4,eastus,Standard_ND96asr_v4,V2,Linux,1,0,TrustedLaunch,Canonical,ubuntu-24_04-lts,server,SCSI,1,Yes,No,No,No,No,No,No,No,No,No,None
contoso-ndismi300xv5,eastus,Standard_ND96is_MI300X_v5,V2,Linux,1,0,TrustedLaunch,Canonical,ubuntu-24_04-lts,server,SCSI,1,Yes,No,No,No,No,No,No,No,No,No,None
contoso-ndisrgb300v6,eastus,Standard_ND128isr_GB300_v6,V2,Linux,1,0,TrustedLaunch,Canonical,ubuntu-24_04-lts,server,NVMe,1,Yes,No,No,No,No,No,No,No,No,No,None
contoso-ndisrh100v5,eastus,Standard_ND96isr_H100_v5,V2,Linux,1,0,TrustedLaunch,Canonical,ubuntu-24_04-lts,server,SCSI,1,Yes,No,No,No,No,No,No,No,No,No,None
contoso-ndisrh200v5,eastus,Standard_ND96isr_H200_v5,V2,Linux,1,0,TrustedLaunch,Canonical,ubuntu-24_04-lts,server,SCSI,1,Yes,No,No,No,No,No,No,No,No,No,None
contoso-ndisrmi300xv5,eastus,Standard_ND96isr_MI300X_v5,V2,Linux,1,0,TrustedLaunch,Canonical,ubuntu-24_04-lts,server,SCSI,1,Yes,No,No,No,No,No,No,No,No,No,None
contoso-ndisrndrgb200v6,eastus,Standard_ND128isr_NDR_GB200_v6,V2,Linux,1,0,TrustedLaunch,Canonical,ubuntu-24_04-lts,server,NVMe,1,Yes,No,No,No,No,No,No,No,No,No,None
contoso-ndrsv2,eastus,Standard_ND40rs_v2,V2,Linux,1,0,TrustedLaunch,Canonical,ubuntu-24_04-lts,server,SCSI,1,Yes,No,No,No,No,No,No,No,No,No,None
contoso-ngadmsv620v1,eastus,Standard_NG32adms_V620_v1,V2,Linux,1,0,TrustedLaunch,Canonical,ubuntu-24_04-lts,server,SCSI,1,Yes,No,No,No,No,No,No,No,No,No,None
contoso-ngadsv620v1,eastus,Standard_NG16ads_V620_v1,V2,Linux,1,0,TrustedLaunch,Canonical,ubuntu-24_04-lts,server,SCSI,1,Yes,No,No,No,No,No,No,No,No,No,None
contoso-nps,eastus,Standard_NP10s,V1,Linux,1,0,Standard,Canonical,0001-com-ubuntu-server-jammy,22_04-lts,SCSI,1,Yes,No,No,No,No,No,No,No,No,No,None
contoso-nvadmsa10v5,eastus,Standard_NV36adms_A10_v5,V2,Linux,1,0,TrustedLaunch,Canonical,ubuntu-24_04-lts,server,SCSI,1,Yes,No,No,No,No,No,No,No,No,No,None
contoso-nvadsa10v5,eastus,Standard_NV12ads_A10_v5,V2,Linux,1,0,TrustedLaunch,Canonical,ubuntu-24_04-lts,server,SCSI,1,Yes,No,No,No,No,No,No,No,No,No,None
contoso-nvadsv710v5,eastus,Standard_NV12ads_V710_v5,V2,Linux,1,0,TrustedLaunch,Canonical,ubuntu-24_04-lts,server,SCSI,1,Yes,No,No,No,No,No,No,No,No,No,None
contoso-nvasv4,eastus,Standard_NV16as_v4,V2,Linux,1,0,TrustedLaunch,Canonical,ubuntu-24_04-lts,server,SCSI,1,Yes,No,No,No,No,No,No,No,No,No,None
contoso-nvsv2,eastus,Standard_NV12s_v2,V2,Linux,1,0,TrustedLaunch,Canonical,ubuntu-24_04-lts,server,SCSI,1,Yes,No,No,No,No,No,No,No,No,No,None
contoso-nvsv3,eastus,Standard_NV12s_v3,V2,Linux,1,0,TrustedLaunch,Canonical,ubuntu-24_04-lts,server,SCSI,1,Yes,No,No,No,No,No,No,No,No,No,None
contoso-pbs,eastus,Standard_PB6s,V2,Linux,1,0,TrustedLaunch,Canonical,ubuntu-24_04-lts,server,SCSI,1,Yes,No,No,No,No,No,No,No,No,No,None
